<?xml version="1.0" encoding="utf-8"?>
<extension version="3.4" type="plugin" group="editors-xtd" method="upgrade">
	<name>plg_editors-xtd_editfield</name>
	<author>Joomla! Project</author>
	<creationDate>August 2004</creationDate>
	<copyright>Copyright (C) 2005 - 2015 Open Source Matters. All rights reserved.</copyright>
	<license>GNU General Public License version 2 or later; see LICENSE.txt</license>
	<authorEmail>admin@joomla.org</authorEmail>
	<authorUrl>www.joomla.org</authorUrl>
	<version>3.0.0</version>
	<description>Edit Selected Field</description>
	<files>
		<filename plugin="editfield">editfield.php</filename>
	</files>
	<languages>
		<language tag="en-GB">en-GB.plg_editors-xtd_pagebreak.ini</language>
		<language tag="en-GB">en-GB.plg_editors-xtd_pagebreak.sys.ini</language>
	</languages>
</extension>
