<?xml version="1.0" encoding="utf-8"?>
<extension type="component" version="3.2.0" method="upgrade">

    <name>Pharmec</name>
    <!-- The following elements are optional and free of formatting constraints -->
    <creationDate>December 2013</creationDate>
    <author>John Doe</author>
    <authorEmail>john.doe@example.org</authorEmail>
    <authorUrl>http://www.example.org</authorUrl>
    <copyright>Copyright Info</copyright>
    <license>License Info</license>
    <!--  The version string is recorded in the components table -->
    <version>0.1.5</version>
    <!-- The description is optional and defaults to the name -->
    <description>This component is just to set the global custom values</description>

    <!-- Site Main File Copy Section -->
    <!-- Note the folder attribute: This attribute describes the folder
        to copy FROM in the package to install therefore files copied
        in this section are copied from /site/ in the package -->
    <files folder="site">
        <filename>index.html</filename>
        <filename>pharmec.php</filename>
    </files>

    <administration>
        <!-- Administration Menu Section -->
        <menu link='index.php?option=com_pharmec'>PHARMEC DO NOT USE</menu>
        <!-- Administration Main File Copy Section -->
        <!-- Note the folder attribute: This attribute describes the folder
            to copy FROM in the package to install therefore files copied
            in this section are copied from /admin/ in the package -->
        <files folder="admin">
            <!-- Admin Main File Copy Section -->
            <filename>index.html</filename>
            <filename>pharmec.php</filename>
            <filename>config.xml</filename>
        </files>
        <languages folder="admin/language">
            <language tag="en-GB">en-GB/en-GB.com_pharmec.sys.ini</language>
        </languages>
    </administration>

</extension>